Workbook
Name article1.body1.sec2.sec3.sec6.p1: Formulas!$C$49
Name article1.body1.sec2.sec3.sec6.p2: Formulas!$C$52
Name article1.body1.sec2.sec3.sec7.p1: Formulas!$C$59
Name article1.body1.sec2.sec3.sec7.p2: Formulas!$C$60
Name article1.body1.sec2.sec3.sec7.p3: Formulas!$C$61
Name article1.body1.sec2.sec3.sec7.p4: Formulas!$C$62
Name pcbi.1006343.e029: Formulas!$C$53

Sheet Hoja3
A1: Ideas
A2: Se puede usar la partición de maxima modularidad (MMP) para calcular la información integrada, pues se busca calcular II a través de la descomposcición más modular de una red neuronal
A3: a la luz de trabajos anteriores que han demostrado que la información fluye a través de módulos relativamente discretos en el cerebro
A4: We propose an alternative network partition acrosss which to calculate integrated information, whichis based on the graph-theoretic notion of modularity and bypasses the computational expense offinding the MIP and the artificiality of using the MIB.
A5: The modularity of a network quantifies theextent to which that network can be broken up into relatively discrete ”modules,” which are definedas densely interconnected communities of node
E7: Decomposing a neural network intoits ”Maximum Modularity Partition” (MMP) (Figure 1C) is therefore more congruent with what isknown about information flow in the brain than is calculating integrated information
E8: across the MIB,because it is reflects the underlying functional architecture of neural networks. The MMP has thefurther advantage over the MIP and the MIB in being extremely quick to find
A26: There are a number of ways of finding the MMP of a network. We utilized the Louvain Method fordetecting communities in graphs, which is a “greedy optimization” method and which seems to runon O(nlogn) time [25]
A28: Para encontrar la MMP, primero obtenemos una matriz de adyacencia a partir de datos de series temporales. Específicamente, tomamos la autocorrelación de la serie temporal y binarizamos la matriz de correlación resultante en un umbral dado [37].
A29: En este estudio, este umbral se fijó en una significancia estadística de alfa de 0,05 y en la mitad superior de la distribución de los valores absolutos de los coeficientes de correlación. Se cree que la matriz de adyacencia binaria resultante
A30: refleja la conectividad funcional de la red de la que se obtuvieron los datos de la serie temporal.
A31: The adjacency matrix is then fed into the Louvain Algorithm, which iterates through different net-work partitions to maximize network modularity Q:
A38: [25] Blondel VD, Guillaume JL, Lambiotte R, Lefebvre E. Fast unfolding of communities in largenetworks. Journal of statistical mechanics: theory and experiment. 2008;2008(10):P10008.
A39: (12) (PDF) Moving Past the Minimum Information Partition: How To Quickly and Accurately Calculate Integrated Information. Available from: https://www.researchgate.net/publication/301895994_Moving_Past_the_Minimum_Information_Partition_How_To_Quickly_and_Accurately_Calculate_Integrated_Information [accessed Mar 20 2024].
A44: Articulos con herramientas para analisis de redes
A45: [PDF] Exploring Network Structure, Dynamics, and Function using NetworkX | Semantic Scholar
A48: METODO DEL GRAFO DE FLUJO DE RED
A49: Se trata de encontrar la MIP de un sistema finito mediante la construcción de un grafo de flujo de red a partir de la tpm del sistema. El grafo se construye de tal manera que cada partición del sistema corresponde
A50: a una fuente y un destino en el grafo, y las aristas del grafo representan las transiciones entre estados. El algoritmo utiliza el flujo máximo en el grafo para encontrar la partición que maximiza la información integrada.
A51: Como sería el grafo?
B52: -Cada estado del sistema se representa como un nodo en el grafo.
B53: -Para cada par de estados presentes y futuros (i, j), donde i y j son estados del sistema, se crea una arista dirigida del estado presente (i) al estado futuro (j) con peso igual a la probabilidad de transición de i a j en la TPM.
A54: Como se asignarían los nodos fuente y destino?
A70: Calcular flujo máximo
B71: Se utiliza un algoritmo de flujo máximo, como el algoritmo de Ford-Fulkerson o el algoritmo de Edmonds-Karp, para calcular el flujo máximo en el grafo.
B72: El flujo máximo representa la cantidad máxima de información que puede fluir desde la fuente hasta el destino sin exceder las capacidades de las aristas.

Sheet Formulas
C1: Observaciones:
C2: En los ejemplos nosostros asumimos una estructura de la red como se ha mostrado en las figuras, pero en general no se conoce la estructura subyacente. La perturbación y la observación
C3: es lo que nos permite a quienes experimentamos, determinar la TPM
C5: Condiciones de background: Como el objetivo es evaluar la informacion integrada de un sistema candidatos cuando la red está en un estado en particular , entonces queremos determinar la TPM del sistema candidato
C6: perturbándolo mientras los elementos externos están fijos en ese estado. A esos elementos externos fijados se les conoce como condiciones de background para el sistema candidato
C11: Mecanismos condicionalmente independientes
C12: Matematicamente la independencia condicional se representa asi:
C16: lo que significa que dado el estado de un sistema en el tiempo t-1, la probabilidad de A, By C se puede calcular independientemente. Esto porque se supone que no hay interaccion instantanea entre
C17: los mecanismos y además que las CAUSAS deben preceder sus efectos. En nuestros modelos de sistemas físicos descartamos la causación instantánea, esto se captura por el requerimiento
C18: de que los elementos sean condicionalmente independientes. O sea que el estado de cada elemento en t+1 depende inicamente del estado del sistema en t y no de los estados de otros elementos en t+1
C20: Una vez que se escoge un conjunto candidato, según IIT, los elementos por fuera de ese conjunto son tratados como condiciones de background.
C21: Es decir, no se consideran como variables internas del conjunto sobre el que se hacen las perturbaciones, sino que se fijan sus valores y se tratan como condiciones externas.
... C30: Repertorio EFECTO
C31: El repertorio efecto | M31: se calcula fijando el estado actual de A en 1, mientras los elementos restantes B y C son independientemente
C32: perturbadas en todos sus posibles estados con igual probabilidad
C36: Otra vez, las entradas comunes de B o C pueden llevar a correlaciones entre | U36: y | V36: Se usan elementos virtualespara reemplazar los elementos B y C
C37: con salidas independientes a todos los elementos y asi evitar contar estas correlaciones como efectos de elementos.
C38: Como todos los mecanismos bajo consideración son condicionalmente independientes, en la práctica el repertorio efecto puede calcularse así:
C41: esto significa que el repertorio efecto de un solo elemento en el futuro, por ejemplo | V41: es simplemente:
C47: PyPHI: Toolbox for integration information
C48: Cause-effect structures (system-level information).
C49: The next step is to compute the CES, the set of all concepts specified by the subsystem. The CES characterizes all of the causal constraints that are intrinsic to a physical system. This is implemented by the pyphi.compute.ces() function, which simply calls Subsystem.concept() for every mechanism
C50: , where
C51: is the power set of subsystem nodes. It returns a CauseEffectStructure object containing those Concepts for which φ > 0.
C52: We see that every mechanism in
C53: except for AC specifies a concept, as described in Fig. 10 of [3]:
C58: Irreducible cause-effect structures (system-level integration).
C59: At this point, the irreducibility of the subsystem’s CES is evaluated by applying the integration postulate at the system level. As with integration at the mechanism level, the idea is to measure the difference made by each partition and then take the minimal value as the irreducibility of the subsystem.
C60: We begin by performing a system cut. Graphically, the subsystem is partitioned into two parts and the edges going from one part to the other are cut, rendering them causally ineffective. This is implemented as an operation on the TPM as follows: Let Ecut denote the set of directed edges in the subsystem that are to be cut, where each edge e ∈ Ecut has a source node a and a target node b. For each edge, we modify the individual TPM of node b (Fig 2) by marginalizing over the states of a at t. The resulting TPM specifies the function implemented by b with the causal influence of a removed. We then combine the modified node TPMs to recover the full TPM of the partitioned subsystem. Finally, we recalculate the CES of the subsystem with this modified TPM (the partitioned CES).
C61: The irreducibility of a CES with respect to a partition is the distance between the unpartitioned and partitioned CESs (calculated with pyphi.compute.ces_distance(); several distances are supported; see § Configuration). This distance is evaluated for every partition, and the minimum value across all partitions is the subsystem’s integrated information Φ, which measures the extent to which the CES specified by the subsystem is irreducible to the CES under the minimal partition.
C62: This procedure is implemented by the pyphi.compute.sia() function, which returns a SystemIrreducibilityAnalysis object (Fig 1). We can verify that the Φ value of the example system in [3] is 1.92 and the minimal partition is that which removes the causal connections from AB to C:

Sheet Ej1RepEfectSinEV
A1: Calculo Repertorio Efecto ejemplo
A3: Ahora vamos a calcular el repertorio efecto con elementos virtuales, ahora lo haremos sin elementos virtuales teniendo en cuenta lo xplicado en la hoja RepEfectoConEV
A4: tomando como referencia la siguiente formula:
A9: lo que significa que dado el estado de un sistema en el tiempo t-1, la probabilidad de A, By C se puede calcular independientemente. Esto porque se supone que no hay interaccion instantanea entre
A10: los mecanismos y además que las CAUSAS deben preceder sus efectos.
A11: Una vez que se escoge un conjunto candidato, según IIT, los elementos por fuera de ese conjunto son tratados como condiciones de background.
A12: Es decir, no se consideran como variables internas del conjunto sobre el que se hacen las perturbaciones, sino que se fijan sus valores y se tratan como condiciones externas.
A13: Esto significa que esas conexiones por fuera del sistema candidato no son ruidosas sino que se fijan en sus valores actuales.
A15: Estado actual : A B C | C15: 1 0 0
A34: Como todos los mecanismos bajo consideración son condicionalmente independientes, en la práctica el repertorio efecto puede calcularse así:
A39: Esto significa que el repertorio efecto de un solo elemento en el futuro, por ejemplo | N39: es simplemente:
A46: Partimos de la TPM
C48: estado futuro | D48: A | E48: 0 | F48: 1 | G48: 0 | H48: 1 | I48: 0 | J48: 1 | K48: 0 | L48: 1
D49: B | E49: 0 | F49: 0 | G49: 1 | H49: 1 | I49: 0 | J49: 0 | K49: 1 | L49: 1
A50: Estado actual | D50: C | E50: 0 | F50: 0 | G50: 0 | H50: 0 | I50: 1 | J50: 1 | K50: 1 | L50: 1
A51: A | B51: B | C51: C
A52: 0 | B52: 0 | C52: 0 | E52: 1 | F52: 0 | G52: 0 | H52: 0 | I52: 0 | J52: 0 | K52: 0 | L52: 0
A53: 1 | B53: 0 | C53: 0 | E53: 0 | F53: 0 | G53: 0 | H53: 0 | I53: 1 | J53: 0 | K53: 0 | L53: 0
A54: 0 | B54: 1 | C54: 0 | E54: 0 | F54: 0 | G54: 0 | H54: 0 | I54: 0 | J54: 1 | K54: 0 | L54: 0
A55: 1 | B55: 1 | C55: 0 | E55: 0 | F55: 1 | G55: 0 | H55: 0 | I55: 0 | J55: 0 | K55: 0 | L55: 0
A56: 0 | B56: 0 | C56: 1 | E56: 0 | F56: 1 | G56: 0 | H56: 0 | I56: 0 | J56: 0 | K56: 0 | L56: 0
A57: 1 | B57: 0 | C57: 1 | E57: 0 | F57: 0 | G57: 0 | H57: 0 | I57: 0 | J57: 0 | K57: 0 | L57: 1
A58: 0 | B58: 1 | C58: 1 | E58: 0 | F58: 0 | G58: 0 | H58: 0 | I58: 0 | J58: 1 | K58: 0 | L58: 0
A59: 1 | B59: 1 | C59: 1 | E59: 0 | F59: 0 | G59: 0 | H59: 1 | I59: 0 | J59: 0 | K59: 0 | L59: 0
A62: Lo que queremos es calcular | G62: , y según lo mencionado anteriormente, debemos calcular:
A64: 1)
A68: 2) | J68: y
A71: 3)
A76: 1) Vamos a empezar por la primera:
A80: Lo primero que vamos a hacer es marginalizar los elementos del no-purview, es decir, ignorar los elementos por fuera del purview, en este caso B, C, y
A81: marginalizarlos de la TPM y se tratan como si fueran condiciones de background . Empezamos por eliminar B del purview y la TPM quedaría así:
M83: OJO ---------> | N83: luego sumamos pares de columnas cuyos estados solo diferían por
N84: el estado de B y no se normaliza(o sea no dividimos entre 2) yqueda asi:
C85: estado futuro
D86: A | E86: 0 | F86: 1 | G86: 0 | H86: 1 | I86: 0 | J86: 1 | K86: 0 | L86: 1 | P86: E. futuro | Q86: A | R86: 0 | S86: 1 | T86: 0 | U86: 1
A87: Estado actual | D87: C | E87: 0 | F87: 0 | G87: 0 | H87: 0 | I87: 1 | J87: 1 | K87: 1 | L87: 1 | N87: E. Actual | Q87: C | R87: 0 | S87: 0 | T87: 1 | U87: 1
A88: A | B88: B | C88: C | N88: A | O88: B | P88: C
A89: 0 | B89: 0 | C89: 0 | E89: 1 | F89: 0 | G89: 0 | H89: 0 | I89: 0 | J89: 0 | K89: 0 | L89: 0 | N89: 0 | O89: 0 | P89: 0 | R89: =(E89+G89) -> 1 | S89: =(F89+H89) -> 0 | T89: =(I89+K89) -> 0 | U89: =(J89+L89) -> 0
A90: 1 | B90: 0 | C90: 0 | E90: 0 | F90: 0 | G90: 0 | H90: 0 | I90: 1 | J90: 0 | K90: 0 | L90: 0 | N90: 1 | O90: 0 | P90: 0 | R90: =(E90+G90) -> 0 | S90: =(F90+H90) -> 0 | T90: =(I90+K90) -> 1 | U90: =(J90+L90) -> 0
A91: 0 | B91: 1 | C91: 0 | E91: 0 | F91: 0 | G91: 0 | H91: 0 | I91: 0 | J91: 1 | K91: 0 | L91: 0 | N91: 0 | O91: 1 | P91: 0 | R91: =(E91+G91) -> 0 | S91: =(F91+H91) -> 0 | T91: =(I91+K91) -> 0 | U91: =(J91+L91) -> 1
A92: 1 | B92: 1 | C92: 0 | E92: 0 | F92: 1 | G92: 0 | H92: 0 | I92: 0 | J92: 0 | K92: 0 | L92: 0 | N92: 1 | O92: 1 | P92: 0 | R92: =(E92+G92) -> 0 | S92: =(F92+H92) -> 1 | T92: =(I92+K92) -> 0 | U92: =(J92+L92) -> 0
A93: 0 | B93: 0 | C93: 1 | E93: 0 | F93: 1 | G93: 0 | H93: 0 | I93: 0 | J93: 0 | K93: 0 | L93: 0 | N93: 0 | O93: 0 | P93: 1 | R93: =(E93+G93) -> 0 | S93: =(F93+H93) -> 1 | T93: =(I93+K93) -> 0 | U93: =(J93+L93) -> 0
A94: 1 | B94: 0 | C94: 1 | E94: 0 | F94: 0 | G94: 0 | H94: 0 | I94: 0 | J94: 0 | K94: 0 | L94: 1 | N94: 1 | O94: 0 | P94: 1 | R94: =(E94+G94) -> 0 | S94: =(F94+H94) -> 0 | T94: =(I94+K94) -> 0 | U94: =(J94+L94) -> 1
A95: 0 | B95: 1 | C95: 1 | E95: 0 | F95: 0 | G95: 0 | H95: 0 | I95: 0 | J95: 1 | K95: 0 | L95: 0 | N95: 0 | O95: 1 | P95: 1 | R95: =(E95+G95) -> 0 | S95: =(F95+H95) -> 0 | T95: =(I95+K95) -> 0 | U95: =(J95+L95) -> 1
A96: 1 | B96: 1 | C96: 1 | E96: 0 | F96: 0 | G96: 0 | H96: 1 | I96: 0 | J96: 0 | K96: 0 | L96: 0 | N96: 1 | O96: 1 | P96: 1 | R96: =(E96+G96) -> 0 | S96: =(F96+H96) -> 1 | T96: =(I96+K96) -> 0 | U96: =(J96+L96) -> 0
A98: Luego marginalizamos sobre C, es decir eliminamos C del purview igual que como se hizo con B y la TPM quedaría asi:
A99: como si fuese una condicion de background
C102: =P86 -> E. futuro
A103: =N87 -> E. Actual | D103: =Q86 -> A | E103: =R86 -> 0 | F103: =S86 -> 1 | G103: =T86 -> 0 | H103: =U86 -> 1 | N103: A | O103: 0 | P103: 1
A104: =N88 -> A | B104: B | C104: =P88 -> C | K104: A | L104: B | M104: C
A105: =N89 -> 0 | B105: =O89 -> 0 | C105: =P89 -> 0 | E105: =R89 -> 1 | F105: =S89 -> 0 | G105: =T89 -> 0 | H105: =U89 -> 0 | K105: 0 | L105: 0 | M105: 0 | O105: =(E105+G105) -> 1 | P105: =(F105+H105) -> 0
A106: =N90 -> 1 | B106: =O90 -> 0 | C106: =P90 -> 0 | E106: =R90 -> 0 | F106: =S90 -> 0 | G106: =T90 -> 1 | H106: =U90 -> 0 | K106: 1 | L106: 0 | M106: 0 | O106: =(E106+G106) -> 1 | P106: =(F106+H106) -> 0
A107: =N91 -> 0 | B107: =O91 -> 1 | C107: =P91 -> 0 | E107: =R91 -> 0 | F107: =S91 -> 0 | G107: =T91 -> 0 | H107: =U91 -> 1 | K107: 0 | L107: 1 | M107: 0 | O107: =(E107+G107) -> 0 | P107: =(F107+H107) -> 1
A108: =N92 -> 1 | B108: =O92 -> 1 | C108: =P92 -> 0 | E108: =R92 -> 0 | F108: =S92 -> 1 | G108: =T92 -> 0 | H108: =U92 -> 0 | K108: 1 | L108: 1 | M108: 0 | O108: =(E108+G108) -> 0 | P108: =(F108+H108) -> 1
A109: =N93 -> 0 | B109: =O93 -> 0 | C109: =P93 -> 1 | E109: =R93 -> 0 | F109: =S93 -> 1 | G109: =T93 -> 0 | H109: =U93 -> 0 | K109: 0 | L109: 0 | M109: 1 | O109: =(E109+G109) -> 0 | P109: =(F109+H109) -> 1
A110: =N94 -> 1 | B110: =O94 -> 0 | C110: =P94 -> 1 | E110: =R94 -> 0 | F110: =S94 -> 0 | G110: =T94 -> 0 | H110: =U94 -> 1 | K110: 1 | L110: 0 | M110: 1 | O110: =(E110+G110) -> 0 | P110: =(F110+H110) -> 1
A111: =N95 -> 0 | B111: =O95 -> 1 | C111: =P95 -> 1 | E111: =R95 -> 0 | F111: =S95 -> 0 | G111: =T95 -> 0 | H111: =U95 -> 1 | K111: 0 | L111: 1 | M111: 1 | O111: =(E111+G111) -> 0 | P111: =(F111+H111) -> 1
A112: =N96 -> 1 | B112: =O96 -> 1 | C112: =P96 -> 1 | E112: =R96 -> 0 | F112: =S96 -> 1 | G112: =T96 -> 0 | H112: =U96 -> 0 | K112: 1 | L112: 1 | M112: 1 | O112: =(E112+G112) -> 0 | P112: =(F112+H112) -> 1
A114: Ahora en el siguiente paso empezaremos a marginalizar sobre los elementos del no-mecanismo , en este caso B y C.
A115: Empezamos primero marginalizando por B.
C116: =N103 -> A | D116: =O103 -> 0 | E116: =P103 -> 1 | H116: Aquí se debe normalizar (se divide por 2)
A117: A | B117: =M104 -> C
A118: 0 | B118: =M105 -> 0 | D118: =O105 -> 1 | E118: =P105 -> 0 | J118: A | K118: =V103 -> 0 | L118: 1
A119: 1 | B119: =M106 -> 0 | D119: =O106 -> 1 | E119: =P106 -> 0 | H119: A | I119: C
A120: 0 | B120: =M107 -> 0 | D120: =O107 -> 0 | E120: =P107 -> 1 | H120: 0 | I120: =T105 -> 0 | K120: =(D118+D120)/2 -> 0.5 | L120: =(E118+E120)/2 -> 0.5
A121: 1 | B121: =M108 -> 0 | D121: =O108 -> 0 | E121: =P108 -> 1 | H121: 1 | I121: =T106 -> 0 | K121: =(D119+D121)/2 -> 0.5 | L121: =(E119+E121)/2 -> 0.5
A122: 0 | B122: =M109 -> 1 | D122: =O109 -> 0 | E122: =P109 -> 1 | H122: 0 | I122: 1 | K122: =(D122+D124)/2 -> 0 | L122: =(E122+E124)/2 -> 1
A123: 1 | B123: =M110 -> 1 | D123: =O110 -> 0 | E123: =P110 -> 1 | H123: 1 | I123: 1 | K123: =(D123+D125)/2 -> 0 | L123: =(E123+E125)/2 -> 1
A124: 0 | B124: =M111 -> 1 | D124: =O111 -> 0 | E124: =P111 -> 1
A125: 1 | B125: =M112 -> 1 | D125: =O112 -> 0 | E125: =P112 -> 1
A129: Ahora marginalizamos el mecanismo sobre C
H130: Aquí se debe normalizar (se divide por 2)
B131: =J118 -> A | C131: =K118 -> 0 | D131: =L118 -> 1
A132: A | H132: A | I132: =Q116 -> 0 | J132: 1 | O132: A | P132: =X116 -> 0 | Q132: 1
A133: 0 | C133: =K120 -> 0.5 | D133: =L120 -> 0.5 | G133: A | N133: A
A134: 1 | C134: =K121 -> 0.5 | D134: =L121 -> 0.5 | G134: 0 | I134: =(C133+C135)/2 -> 0.25 | J134: =(D133+D135)/2 -> 0.75 | N134: =G135 -> 1 | P134: =I135 -> 0.25 | Q134: =J135 -> 0.75
A135: 0 | C135: =K122 -> 0 | D135: =L122 -> 1 | G135: 1 | I135: =(C134+C136)/2 -> 0.25 | J135: =(D134+D136)/2 -> 0.75
A136: 1 | C136: =K123 -> 0 | D136: =L123 -> 1 | M136: Se selecciona este, porque A
M137: en el estado actual aparece en 1
A139: 2) Ahora vamos a continuar con la siguiente:
A143: Lo primero que vamos a hacer es marginalizar los elementos del no-purview, es decir, ignorar los elementos por fuera del purview, en este caso A, C, y
A144: marginalizarlos de la TPM y se tratan como si fueran condiciones de background . Empezamos por eliminar A del purview y la TPM quedaría así:
N146: OJO ---------> | O146: luego sumamos pares de columnas cuyos estados solo diferían por
C147: estado futuro | O147: el estado de A y no se normaliza(o sea no dividimos entre 2) yqueda asi:
D148: B | E148: 0 | F148: 0 | G148: 1 | H148: 1 | I148: 0 | J148: 0 | K148: 1 | L148: 1 | Q148: E. futuro | R148: B | S148: 0 | T148: 1 | U148: 0 | V148: 1
A149: Estado actual | D149: C | E149: 0 | F149: 0 | G149: 0 | H149: 0 | I149: 1 | J149: 1 | K149: 1 | L149: 1 | O149: E. Actual | R149: C | S149: 0 | T149: 0 | U149: 1 | V149: 1
A150: A | B150: B | C150: C | O150: A | P150: B | Q150: C
A151: 0 | B151: 0 | C151: 0 | E151: 1 | F151: 0 | G151: 0 | H151: 0 | I151: 0 | J151: 0 | K151: 0 | L151: 0 | O151: 0 | P151: 0 | Q151: 0 | S151: =(E151+F151) -> 1 | T151: =(G151+H151) -> 0 | U151: =(I151+J151) -> 0 | V151: =(K151+L151) -> 0
A152: 1 | B152: 0 | C152: 0 | E152: 0 | F152: 0 | G152: 0 | H152: 0 | I152: 1 | J152: 0 | K152: 0 | L152: 0 | O152: 1 | P152: 0 | Q152: 0 | S152: =(E152+F152) -> 0 | T152: =(G152+H152) -> 0 | U152: =(I152+J152) -> 1 | V152: =(K152+L152) -> 0
A153: 0 | B153: 1 | C153: 0 | E153: 0 | F153: 0 | G153: 0 | H153: 0 | I153: 0 | J153: 1 | K153: 0 | L153: 0 | O153: 0 | P153: 1 | Q153: 0 | S153: =(E153+F153) -> 0 | T153: =(G153+H153) -> 0 | U153: =(I153+J153) -> 1 | V153: =(K153+L153) -> 0
A154: 1 | B154: 1 | C154: 0 | E154: 0 | F154: 1 | G154: 0 | H154: 0 | I154: 0 | J154: 0 | K154: 0 | L154: 0 | O154: 1 | P154: 1 | Q154: 0 | S154: =(E154+F154) -> 1 | T154: =(G154+H154) -> 0 | U154: =(I154+J154) -> 0 | V154: =(K154+L154) -> 0
A155: 0 | B155: 0 | C155: 1 | E155: 0 | F155: 1 | G155: 0 | H155: 0 | I155: 0 | J155: 0 | K155: 0 | L155: 0 | O155: 0 | P155: 0 | Q155: 1 | S155: =(E155+F155) -> 1 | T155: =(G155+H155) -> 0 | U155: =(I155+J155) -> 0 | V155: =(K155+L155) -> 0
A156: 1 | B156: 0 | C156: 1 | E156: 0 | F156: 0 | G156: 0 | H156: 0 | I156: 0 | J156: 0 | K156: 0 | L156: 1 | O156: 1 | P156: 0 | Q156: 1 | S156: =(E156+F156) -> 0 | T156: =(G156+H156) -> 0 | U156: =(I156+J156) -> 0 | V156: =(K156+L156) -> 1
A157: 0 | B157: 1 | C157: 1 | E157: 0 | F157: 0 | G157: 0 | H157: 0 | I157: 0 | J157: 1 | K157: 0 | L157: 0 | O157: 0 | P157: 1 | Q157: 1 | S157: =(E157+F157) -> 0 | T157: =(G157+H157) -> 0 | U157: =(I157+J157) -> 1 | V157: =(K157+L157) -> 0
A158: 1 | B158: 1 | C158: 1 | E158: 0 | F158: 0 | G158: 0 | H158: 1 | I158: 0 | J158: 0 | K158: 0 | L158: 0 | O158: 1 | P158: 1 | Q158: 1 | S158: =(E158+F158) -> 0 | T158: =(G158+H158) -> 1 | U158: =(I158+J158) -> 0 | V158: =(K158+L158) -> 0
A160: Luego marginalizamos sobre C, es decir eliminamos C del purview igual que como se marginalizo A y la TPM quedaría asi:
A161: como si fuese una condicion de background
L162: luego sumamos pares de columnas cuyos estados solo diferían por
L163: el estado de C y no se normaliza(o sea no dividimos entre 2) yqueda asi:
C164: E. Futuro | N164: E. Futuro
...

Sheet RepEfectoUC
B1: REPERTORIO EFECTO NO RESTRINGIDO (UC unconstrained)
B3: Para calcular la información efecto (ei) también necesitamos calcular la distribución futura o repertorio futuro no restringido
P5: Nota: Cuando por ejemplo, hacemos una partición y una de las partes es (BF|ØC)
D6: Estado Futuro | E6: A | F6: 0 | G6: 1 | H6: 0 | I6: 1 | J6: 0 | K6: 1 | L6: 0 | M6: 1 | P6: calcular P(BF|ØC) es lo mismo que calcular el repertorio NO restringido de B
E7: B | F7: 0 | G7: 0 | H7: 1 | I7: 1 | J7: 0 | K7: 0 | L7: 1 | M7: 1
B8: Estado Actual | E8: C | F8: 0 | G8: 0 | H8: 0 | I8: 0 | J8: 1 | K8: 1 | L8: 1 | M8: 1
B9: A | C9: B | D9: C
B10: 0 | C10: 0 | D10: 0 | F10: 1 | G10: 0 | H10: 0 | I10: 0 | J10: 0 | K10: 0 | L10: 0 | M10: 0
B11: 1 | C11: 0 | D11: 0 | F11: 0 | G11: 0 | H11: 0 | I11: 0 | J11: 1 | K11: 0 | L11: 0 | M11: 0
B12: 0 | C12: 1 | D12: 0 | F12: 0 | G12: 0 | H12: 0 | I12: 0 | J12: 0 | K12: 1 | L12: 0 | M12: 0
B13: 1 | C13: 1 | D13: 0 | F13: 0 | G13: 1 | H13: 0 | I13: 0 | J13: 0 | K13: 0 | L13: 0 | M13: 0
B14: 0 | C14: 0 | D14: 1 | F14: 0 | G14: 1 | H14: 0 | I14: 0 | J14: 0 | K14: 0 | L14: 0 | M14: 0
B15: 1 | C15: 0 | D15: 1 | F15: 0 | G15: 0 | H15: 0 | I15: 0 | J15: 0 | K15: 0 | L15: 0 | M15: 1
B16: 0 | C16: 1 | D16: 1 | F16: 0 | G16: 0 | H16: 0 | I16: 0 | J16: 0 | K16: 1 | L16: 0 | M16: 0
B17: 1 | C17: 1 | D17: 1 | F17: 0 | G17: 0 | H17: 0 | I17: 1 | J17: 0 | K17: 0 | L17: 0 | M17: 0
B19: Sin ninguna restricción de un mecanismo en un estado , el repertorio efecto no restringido | R19: esta dado por:
B23: donde los elementos virtuales son usados para evitar incluir efectos de las correlaciones debido a las entradas comunes.
B24: En la práctica, los cálculos pueden hacerse de forma más sencilla de lo descrito hasta ahora.
B25: • Un truco que podemos usar para simplificar las cosas surge del hecho de que en nuestro modelo de sistemas físicos
B26: descartamos la causalidad instantánea
B27: • Esto se refleja en el requisito de que los elementos sean condicionalmente independientes.
B28: • Es decir, el estado de cada elemento en t+ 1 depende sólo del estado del sistema en t y no de los estados de otros elementos en t+1
B29: • La independencia condicional implica que si p es una distribución sobre los estados de un elemento X y q es la distribución sobre los estados de Y, entonces la distribución conjunta de X e Y es el producto pq
B30: • Entonces, cuando calculamos un repertorio de efectos sobre algún purview, podemos simplemente tomar el producto de los repertorios de efectos individuales de todos los elementos del purview.
B31: • Esto también se aplica a los repertorios de causas, aunque en ese caso los repertorios son sobre los elementos individuales del mecanismo.
B32: • De esta manera, solo necesitamos calcular el repertorio efecto sobre purviews de un solo elemento, asi no podría haber entradas comunes y
B33: en conclusion, no hay necesidad de implementar elementos virtuales
B35: Por tanto para mecanismos independientes condicionalmente, esto seria lo mismo que:
... B43: Aquí se tiene la matriz con todos los posibles estados actuales para mirar la probabilidad de A en el futuro. Mas adelante se hace lo mismo con B y con C
C45: Estado presente | F45: Estado Futuro
C46: A | D46: B | E46: C | F46: P(A=1)
C47: 0 | D47: 0 | E47: 0 | F47: =Ej1RepEfectSinEV!P105 -> 0 | I47: B | J47: C | K47: P(A=1)
C48: 1 | D48: 0 | E48: 0 | F48: =Ej1RepEfectSinEV!P106 -> 0 | I48: 0 | J48: 0 | K48: 0 | M48: P(A=0) | N48: P(A=1)
C49: 0 | D49: 1 | E49: 0 | F49: =Ej1RepEfectSinEV!P107 -> 1 | I49: 1 | J49: 0 | K49: 1 | M49: =1/4 -> 0.25 | N49: =SUM(F47:F54)/8 -> 0.75
C50: 1 | D50: 1 | E50: 0 | F50: =Ej1RepEfectSinEV!P108 -> 1 | I50: 0 | J50: 1 | K50: 1
C51: 0 | D51: 0 | E51: 1 | F51: =Ej1RepEfectSinEV!P109 -> 1 | I51: 1 | J51: 1 | K51: 1
C52: 1 | D52: 0 | E52: 1 | F52: =Ej1RepEfectSinEV!P110 -> 1 | I52: Esto no es necesrio
C53: 0 | D53: 1 | E53: 1 | F53: =Ej1RepEfectSinEV!P111 -> 1
C54: 1 | D54: 1 | E54: 1 | F54: =Ej1RepEfectSinEV!P112 -> 1
C56: Estado presente | F56: Estado Futuro
C57: A | D57: B | E57: C | F57: P(B=1)
C58: 0 | D58: 0 | E58: 0 | F58: =Ej1RepEfectSinEV!Q167 -> 0 | I58: A | J58: C | K58: P(B=1) | Y58: A | Z58: 0 | AA58: 0 | AB58: 0 | AC58: 0 | AD58: 1 | AE58: 1 | AF58: 1 | AG58: 1
C59: 1 | D59: 0 | E59: 0 | F59: =Ej1RepEfectSinEV!Q168 -> 0 | I59: 0 | J59: 0 | K59: 0 | M59: P(B=0) | N59: P(B=1) | P59: P(A=0) | Q59: P(A=1) | S59: P(B=0) | T59: P(B=1) | V59: P(C=0) | W59: P(C=1) | Y59: B | Z59: 0 | AA59: 0 | AB59: 1 | AC59: 1 | AD59: 0 | AE59: 0 | AF59: 1 | AG59: 1
C60: 0 | D60: 1 | E60: 0 | F60: =Ej1RepEfectSinEV!Q169 -> 0 | I60: 1 | J60: 0 | K60: 0 | M60: =3/4 -> 0.75 | N60: =SUM(F58:F65)/8 -> 0.25 | P60: =1/4 -> 0.25 | Q60: =3/4 -> 0.75 | S60: =3/4 -> 0.75 | T60: =1/4 -> 0.25 | V60: =1/2 -> 0.5 | W60: =1/2 -> 0.5 | Y60: C | Z60: 0 | AA60: 1 | AB60: 0 | AC60: 1 | AD60: 0 | AE60: 1 | AF60: 0 | AG60: 1
C61: 1 | D61: 1 | E61: 0 | F61: =Ej1RepEfectSinEV!Q170 -> 0 | I61: 0 | J61: 1 | K61: 0 | AA61: =P60*S60*W60 -> 0.09375 | AB61: =P60*T60*V60 -> 0.03125 | AC61: =P60*T60*W60 -> 0.03125 | AD61: =Q60*S60*V60 -> 0.28125 | AE61: =Q60*S60*W60 -> 0.28125 | AF61: =Q60*T60*V60 -> 0.09375 | AG61: =Q60*T60*W60 -> 0.09375
C62: 0 | D62: 0 | E62: 1 | F62: =Ej1RepEfectSinEV!Q171 -> 0 | I62: 1 | J62: 1 | K62: 1 | Q62: 0 | R62: 1 | S62: 0 | T62: 1 | Z62: 0,09375*2 | AB62: 0,03125*2 | AD62: 0,28125 *2 | AF62: 0,09375*2
C63: 1 | D63: 0 | E63: 1 | F63: =Ej1RepEfectSinEV!Q172 -> 1 | I63: Esto no es necesario | Q63: 0 | R63: 0 | S63: 1 | T63: 1
C64: 0 | D64: 1 | E64: 1 | F64: =Ej1RepEfectSinEV!Q173 -> 0 | Q64: =P60*V60 -> 0.125 | R64: =Q60*V60 -> 0.375 | S64: =P60*W60 -> 0.125 | T64: =Q60*W60 -> 0.375
C65: 1 | D65: 1 | E65: 1 | F65: =Ej1RepEfectSinEV!Q174 -> 1
C67: Estado presente | F67: Estado Futuro
C68: A | D68: B | E68: C | F68: P(C=1)
C69: 0 | D69: 0 | E69: 0 | F69: =Ej1RepEfectSinEV!P233 -> 0
C70: 1 | D70: 0 | E70: 0 | F70: =Ej1RepEfectSinEV!P234 -> 1 | I70: A | J70: B | K70: P(C=1)
C71: 0 | D71: 1 | E71: 0 | F71: =Ej1RepEfectSinEV!P235 -> 1 | I71: 0 | J71: 0 | K71: 0 | M71: P(C=0) | N71: P(C=1)
C72: 1 | D72: 1 | E72: 0 | F72: =Ej1RepEfectSinEV!P236 -> 0 | I72: 1 | J72: 0 | K72: 1 | M72: =1/2 -> 0.5 | N72: =SUM(F69:F76)/8 -> 0.5 | Y72: C | Z72: 0 | AA72: 0 | AB72: 0 | AC72: 0 | AD72: 1 | AE72: 1 | AF72: 1 | AG72: 1
C73: 0 | D73: 0 | E73: 1 | F73: =Ej1RepEfectSinEV!P237 -> 0 | I73: 0 | J73: 1 | K73: 1 | Y73: B | Z73: 0 | AA73: 0 | AB73: 1 | AC73: 1 | AD73: 0 | AE73: 0 | AF73: 1 | AG73: 1 | AH73: Esta es la misma solo que en la convencion little endian
C74: 1 | D74: 0 | E74: 1 | F74: =Ej1RepEfectSinEV!P238 -> 1 | I74: 1 | J74: 1 | K74: 0 | Y74: A | Z74: 0 | AA74: 1 | AB74: 0 | AC74: 1 | AD74: 0 | AE74: 1 | AF74: 0 | AG74: 1
C75: 0 | D75: 1 | E75: 1 | F75: =Ej1RepEfectSinEV!P239 -> 1 | Z75: =Z62 -> 0,09375*2 | AA75: =AD61 -> 0.28125 | AB75: =AB61 -> 0.03125 | AC75: =AF61 -> 0.09375 | AD75: =AA61 -> 0.09375 | AE75: =AE61 -> 0.28125 | AF75: 0.03 | AG75: 0.09
C76: 1 | D76: 1 | E76: 1 | F76: =Ej1RepEfectSinEV!P240 -> 0

Sheet Ej2RepEfectoSinEV
L3: estado futuro | M3: A | N3: 0 | O3: 1 | P3: 0 | Q3: 1 | R3: 0 | S3: 1 | T3: 0 | U3: 1
M4: B | N4: 0 | O4: 0 | P4: 1 | Q4: 1 | R4: 0 | S4: 0 | T4: 1 | U4: 1
J5: Estado actual | M5: C | N5: 0 | O5: 0 | P5: 0 | Q5: 0 | R5: 1 | S5: 1 | T5: 1 | U5: 1
J6: A | K6: B | L6: C
J7: 0 | K7: 0 | L7: 0 | N7: 1 | O7: 0 | P7: 0 | Q7: 0 | R7: 0 | S7: 0 | T7: 0 | U7: 0
J8: 1 | K8: 0 | L8: 0 | N8: 0 | O8: 0 | P8: 0 | Q8: 0 | R8: 1 | S8: 0 | T8: 0 | U8: 0
J9: 0 | K9: 1 | L9: 0 | N9: 0 | O9: 0 | P9: 0 | Q9: 0 | R9: 0 | S9: 1 | T9: 0 | U9: 0
J10: 1 | K10: 1 | L10: 0 | N10: 0 | O10: 1 | P10: 0 | Q10: 0 | R10: 0 | S10: 0 | T10: 0 | U10: 0
J11: 0 | K11: 0 | L11: 1 | N11: 0 | O11: 1 | P11: 0 | Q11: 0 | R11: 0 | S11: 0 | T11: 0 | U11: 0
J12: 1 | K12: 0 | L12: 1 | N12: 0 | O12: 0 | P12: 0 | Q12: 0 | R12: 0 | S12: 0 | T12: 0 | U12: 1
J13: 0 | K13: 1 | L13: 1 | N13: 0 | O13: 0 | P13: 0 | Q13: 0 | R13: 0 | S13: 1 | T13: 0 | U13: 0
J14: 1 | K14: 1 | L14: 1 | N14: 0 | O14: 0 | P14: 0 | Q14: 1 | R14: 0 | S14: 0 | T14: 0 | U14: 0
A25: Vamos a hacer el cálculo del repertorio efecto para este ejemplo.
A26: Empezaremos haciendo el cálculo sin usar elementos virtuales y tomaremos como referencia la siguiente formula
A31: lo que significa que dado el estado de un sistema en el tiempo t-1, la probabilidad de A, By C se puede calcular independientemente. Esto porque se supone que no hay interaccion instantanea entre
A32: los mecanismos y además que las CAUSAS deben preceder sus efectos.
A33: En nuestro ejemplo trabajaremos el mecanismo C sobre el purview B,C; con lo que nuestra formula seria asi:
A39: Esto require calcular:
A41: 1) | G41: y
A43: 2)
A46: Empezamos calculando 1)
A47: En este paso marginalizamos sobre el purview B (marginalizando los elementos que no hacen parte del purview o sea AyC)
C48: estado futuro | D48: Marginalizamos sobre A (purview) | Y48: Marginalzamos sobre C
D49: B | E49: 0 | F49: 0 | G49: 1 | H49: 1 | I49: 0 | J49: 0 | K49: 1 | L49: 1 | R49: E. futuro | S49: B | T49: 0 | U49: 1 | V49: 0 | W49: 1 | AA49: E. futuro
A50: Estado actual | D50: C | E50: 0 | F50: 0 | G50: 0 | H50: 0 | I50: 1 | J50: 1 | K50: 1 | L50: 1 | P50: E. Actual | S50: C | T50: 0 | U50: 0 | V50: 1 | W50: 1 | Y50: E. Actual | AB50: B | AC50: 0 | AD50: 1
A51: A | B51: B | C51: C | P51: A | Q51: B | R51: C | Y51: A | Z51: B | AA51: C
A52: 0 | B52: 0 | C52: 0 | E52: 1 | F52: 0 | G52: 0 | H52: 0 | I52: 0 | J52: 0 | K52: 0 | L52: 0 | P52: 0 | Q52: 0 | R52: 0 | T52: =(E52+F52) -> 1 | U52: =(G52+H52) -> 0 | V52: =(I52+J52) -> 0 | W52: =(K52+L52) -> 0 | Y52: 0 | Z52: 0 | AA52: 0 | AC52: =(T52+V52) -> 1 | AD52: =(U52+W52) -> 0
A53: 1 | B53: 0 | C53: 0 | E53: 0 | F53: 0 | G53: 0 | H53: 0 | I53: 1 | J53: 0 | K53: 0 | L53: 0 | P53: 1 | Q53: 0 | R53: 0 | T53: =(E53+F53) -> 0 | U53: =(G53+H53) -> 0 | V53: =(I53+J53) -> 1 | W53: =(K53+L53) -> 0 | Y53: 1 | Z53: 0 | AA53: 0 | AC53: =(T53+V53) -> 1 | AD53: =(U53+W53) -> 0
A54: 0 | B54: 1 | C54: 0 | E54: 0 | F54: 0 | G54: 0 | H54: 0 | I54: 0 | J54: 1 | K54: 0 | L54: 0 | P54: 0 | Q54: 1 | R54: 0 | T54: =(E54+F54) -> 0 | U54: =(G54+H54) -> 0 | V54: =(I54+J54) -> 1 | W54: =(K54+L54) -> 0 | Y54: 0 | Z54: 1 | AA54: 0 | AC54: =(T54+V54) -> 1 | AD54: =(U54+W54) -> 0
A55: 1 | B55: 1 | C55: 0 | E55: 0 | F55: 1 | G55: 0 | H55: 0 | I55: 0 | J55: 0 | K55: 0 | L55: 0 | P55: 1 | Q55: 1 | R55: 0 | T55: =(E55+F55) -> 1 | U55: =(G55+H55) -> 0 | V55: =(I55+J55) -> 0 | W55: =(K55+L55) -> 0 | Y55: 1 | Z55: 1 | AA55: 0 | AC55: =(T55+V55) -> 1 | AD55: =(U55+W55) -> 0
A56: 0 | B56: 0 | C56: 1 | E56: 0 | F56: 1 | G56: 0 | H56: 0 | I56: 0 | J56: 0 | K56: 0 | L56: 0 | P56: 0 | Q56: 0 | R56: 1 | T56: =(E56+F56) -> 1 | U56: =(G56+H56) -> 0 | V56: =(I56+J56) -> 0 | W56: =(K56+L56) -> 0 | Y56: 0 | Z56: 0 | AA56: 1 | AC56: =(T56+V56) -> 1 | AD56: =(U56+W56) -> 0
A57: 1 | B57: 0 | C57: 1 | E57: 0 | F57: 0 | G57: 0 | H57: 0 | I57: 0 | J57: 0 | K57: 0 | L57: 1 | P57: 1 | Q57: 0 | R57: 1 | T57: =(E57+F57) -> 0 | U57: =(G57+H57) -> 0 | V57: =(I57+J57) -> 0 | W57: =(K57+L57) -> 1 | Y57: 1 | Z57: 0 | AA57: 1 | AC57: =(T57+V57) -> 0 | AD57: =(U57+W57) -> 1
A58: 0 | B58: 1 | C58: 1 | E58: 0 | F58: 0 | G58: 0 | H58: 0 | I58: 0 | J58: 1 | K58: 0 | L58: 0 | P58: 0 | Q58: 1 | R58: 1 | T58: =(E58+F58) -> 0 | U58: =(G58+H58) -> 0 | V58: =(I58+J58) -> 1 | W58: =(K58+L58) -> 0 | Y58: 0 | Z58: 1 | AA58: 1 | AC58: =(T58+V58) -> 1 | AD58: =(U58+W58) -> 0
A59: 1 | B59: 1 | C59: 1 | E59: 0 | F59: 0 | G59: 0 | H59: 1 | I59: 0 | J59: 0 | K59: 0 | L59: 0 | P59: 1 | Q59: 1 | R59: 1 | T59: =(E59+F59) -> 0 | U59: =(G59+H59) -> 1 | V59: =(I59+J59) -> 0 | W59: =(K59+L59) -> 0 | Y59: 1 | Z59: 1 | AA59: 1 | AC59: =(T59+V59) -> 0 | AD59: =(U59+W59) -> 1
A61: Aquí empezamos a marginalizar sobre el mecanismo C (quitando los elementos que no hacen parte del mecanismo o sea Ay B
A62: Marginalizamos sobre A: | P62: Marginalizamos sobre B
B64: E. futuro | H64: E. futuro | P64: E. futuro | X64: E. futuro
A65: Estado actual | C65: B | D65: 0 | E65: 1 | G65: E. actual | I65: B | J65: 0 | K65: 1 | Q65: B | R65: 0 | S65: 1 | Y65: B | Z65: 0 | AA65: 1
A66: B | B66: C | G66: B | H66: C | O66: E. actual | P66: C | W66: E. actual | X66: C
A67: 0 | B67: 0 | D67: =AC52 -> 1 | E67: =AD52 -> 0 | G67: 0 | H67: 0 | J67: =(D67+D68)/2 -> 1 | K67: =(E67+E68)/2 -> 0 | P67: 0 | R67: =J67 -> 1 | S67: =K67 -> 0 | X67: 0 | Z67: =(R67+R68)/2 -> 1 | AA67: =(S67+S68)/2 -> 0
A68: 0 | B68: 0 | D68: =AC53 -> 1 | E68: =AD53 -> 0 | G68: 1 | H68: 0 | J68: =(D69+D70)/2 -> 1 | K68: =(E69+E70)/2 -> 0 | P68: 0 | R68: =J68 -> 1 | S68: =K68 -> 0 | X68: 1 | Z68: =(R69+R70)/2 -> 0.5 | AA68: =(S69+S70)/2 -> 0.5
A69: 1 | B69: 0 | D69: =AC54 -> 1 | E69: =AD54 -> 0 | G69: 0 | H69: 1 | J69: =(D71+D72)/2 -> 0.5 | K69: =(E71+E72)/2 -> 0.5 | P69: 1 | R69: =J69 -> 0.5 | S69: =K69 -> 0.5
A70: 1 | B70: 0 | D70: =AC55 -> 1 | E70: =AD55 -> 0 | G70: 1 | H70: 1 | J70: =(D73+D74)/2 -> 0.5 | K70: =(E73+E74)/2 -> 0.5 | P70: 1 | R70: =J70 -> 0.5 | S70: =K70 -> 0.5
A71: 0 | B71: 1 | D71: =AC56 -> 1 | E71: =AD56 -> 0
A72: 0 | B72: 1 | D72: =AC57 -> 0 | E72: =AD57 -> 1
A73: 1 | B73: 1 | D73: =AC58 -> 1 | E73: =AD58 -> 0
A74: 1 | B74: 1 | D74: =AC59 -> 0 | E74: =AD59 -> 1
A77: Vamos a calcular 2)
A78: En este paso marginalizamos sobre el purview C (marginalizando los elementos que no hacen parte del purview o sea Ay B)
C80: estado futuro | D80: Primero marginalizamos sobre A (purview) | Y80: Marginalizamos luego sobre B
D81: B | E81: 0 | F81: 0 | G81: 1 | H81: 1 | I81: 0 | J81: 0 | K81: 1 | L81: 1 | R81: E. futuro | S81: B | T81: 0 | U81: 1 | V81: 0 | W81: 1 | AA81: E. futuro
A82: Estado actual | D82: C | E82: 0 | F82: 0 | G82: 0 | H82: 0 | I82: 1 | J82: 1 | K82: 1 | L82: 1 | P82: E. Actual | S82: C | T82: 0 | U82: 0 | V82: 1 | W82: 1 | Y82: E. Actual | AB82: C | AC82: 0 | AD82: 1
A83: A | B83: B | C83: C | P83: A | Q83: B | R83: C | Y83: A | Z83: B | AA83: C
A84: 0 | B84: 0 | C84: 0 | E84: 1 | F84: 0 | G84: 0 | H84: 0 | I84: 0 | J84: 0 | K84: 0 | L84: 0 | P84: 0 | Q84: 0 | R84: 0 | T84: =(E84+F84) -> 1 | U84: =(G84+H84) -> 0 | V84: =(I84+J84) -> 0 | W84: =(K84+L84) -> 0 | Y84: 0 | Z84: 0 | AA84: 0 | AC84: =(T84+U84) -> 1 | AD84: =(V84+W84) -> 0
A85: 1 | B85: 0 | C85: 0 | E85: 0 | F85: 0 | G85: 0 | H85: 0 | I85: 1 | J85: 0 | K85: 0 | L85: 0 | P85: 1 | Q85: 0 | R85: 0 | T85: =(E85+F85) -> 0 | U85: =(G85+H85) -> 0 | V85: =(I85+J85) -> 1 | W85: =(K85+L85) -> 0 | Y85: 1 | Z85: 0 | AA85: 0 | AC85: =(T85+U85) -> 0 | AD85: =(V85+W85) -> 1
A86: 0 | B86: 1 | C86: 0 | E86: 0 | F86: 0 | G86: 0 | H86: 0 | I86: 0 | J86: 1 | K86: 0 | L86: 0 | P86: 0 | Q86: 1 | R86: 0 | T86: =(E86+F86) -> 0 | U86: =(G86+H86) -> 0 | V86: =(I86+J86) -> 1 | W86: =(K86+L86) -> 0 | Y86: 0 | Z86: 1 | AA86: 0 | AC86: =(T86+U86) -> 0 | AD86: =(V86+W86) -> 1
A87: 1 | B87: 1 | C87: 0 | E87: 0 | F87: 1 | G87: 0 | H87: 0 | I87: 0 | J87: 0 | K87: 0 | L87: 0 | P87: 1 | Q87: 1 | R87: 0 | T87: =(E87+F87) -> 1 | U87: =(G87+H87) -> 0 | V87: =(I87+J87) -> 0 | W87: =(K87+L87) -> 0 | Y87: 1 | Z87: 1 | AA87: 0 | AC87: =(T87+U87) -> 1 | AD87: =(V87+W87) -> 0
A88: 0 | B88: 0 | C88: 1 | E88: 0 | F88: 1 | G88: 0 | H88: 0 | I88: 0 | J88: 0 | K88: 0 | L88: 0 | P88: 0 | Q88: 0 | R88: 1 | T88: =(E88+F88) -> 1 | U88: =(G88+H88) -> 0 | V88: =(I88+J88) -> 0 | W88: =(K88+L88) -> 0 | Y88: 0 | Z88: 0 | AA88: 1 | AC88: =(T88+U88) -> 1 | AD88: =(V88+W88) -> 0
A89: 1 | B89: 0 | C89: 1 | E89: 0 | F89: 0 | G89: 0 | H89: 0 | I89: 0 | J89: 0 | K89: 0 | L89: 1 | P89: 1 | Q89: 0 | R89: 1 | T89: =(E89+F89) -> 0 | U89: =(G89+H89) -> 0 | V89: =(I89+J89) -> 0 | W89: =(K89+L89) -> 1 | Y89: 1 | Z89: 0 | AA89: 1 | AC89: =(T89+U89) -> 0 | AD89: =(V89+W89) -> 1
A90: 0 | B90: 1 | C90: 1 | E90: 0 | F90: 0 | G90: 0 | H90: 0 | I90: 0 | J90: 1 | K90: 0 | L90: 0 | P90: 0 | Q90: 1 | R90: 1 | T90: =(E90+F90) -> 0 | U90: =(G90+H90) -> 0 | V90: =(I90+J90) -> 1 | W90: =(K90+L90) -> 0 | Y90: 0 | Z90: 1 | AA90: 1 | AC90: =(T90+U90) -> 0 | AD90: =(V90+W90) -> 1
A91: 1 | B91: 1 | C91: 1 | E91: 0 | F91: 0 | G91: 0 | H91: 1 | I91: 0 | J91: 0 | K91: 0 | L91: 0 | P91: 1 | Q91: 1 | R91: 1 | T91: =(E91+F91) -> 0 | U91: =(G91+H91) -> 1 | V91: =(I91+J91) -> 0 | W91: =(K91+L91) -> 0 | Y91: 1 | Z91: 1 | AA91: 1 | AC91: =(T91+U91) -> 1 | AD91: =(V91+W91) -> 0
A93: Aquí empezamos a marginalizar sobre el mecanismo C (quitando los elementos que no hacen parte del mecanismo o sea Ay B
A94: Marginalizamos sobre A: | Q94: Marginalizamos sobre B
Q96: E. futuro | Y96: E. futuro
B97: E. futuro | I97: E. futuro | R97: C | S97: 0 | T97: 1 | Z97: C | AA97: 0 | AB97: 1
C98: C | D98: 0 | E98: 1 | H98: E. actual | J98: C | K98: 0 | L98: 1 | P98: E. actual | Q98: C | X98: E. actual | Y98: C
A99: B | B99: C | H99: B | I99: C | Q99: 0 | S99: =K100 -> 0.5 | T99: =L100 -> 0.5 | Y99: 0 | AA99: =(S99+S100)/2 -> 0.5 | AB99: =(T99+T100)/2 -> 0.5
A100: 0 | B100: 0 | D100: =AC84 -> 1 | E100: =AD84 -> 0 | H100: 0 | I100: 0 | K100: =(D100+D101)/2 -> 0.5 | L100: =(E100+E101)/2 -> 0.5 | Q100: 0 | S100: =K101 -> 0.5 | T100: =L101 -> 0.5 | Y100: 1 | AA100: =(S101+S102)/2 -> 0.5 | AB100: =(T101+T102)/2 -> 0.5
A101: 0 | B101: 0 | D101: =AC85 -> 0 | E101: =AD85 -> 1 | H101: 1 | I101: 0 | K101: =(D102+D103)/2 -> 0.5 | L101: =(E102+E103)/2 -> 0.5 | Q101: 1 | S101: =K102 -> 0.5 | T101: =L102 -> 0.5
A102: 1 | B102: 0 | D102: =AC86 -> 0 | E102: =AD86 -> 1 | H102: 0 | I102: 1 | K102: =(D104+D105)/2 -> 0.5 | L102: =(E104+E105)/2 -> 0.5 | Q102: 1 | S102: =K103 -> 0.5 | T102: =L103 -> 0.5
A103: 1 | B103: 0 | D103: =AC87 -> 1 | E103: =AD87 -> 0 | H103: 1 | I103: 1 | K103: =(D106+D107)/2 -> 0.5 | L103: =(E106+E107)/2 -> 0.5
A104: 0 | B104: 1 | D104: =AC88 -> 1 | E104: =AD88 -> 0
A105: 0 | B105: 1 | D105: =AC89 -> 0 | E105: =AD89 -> 1
A106: 1 | B106: 1 | D106: =AC90 -> 0 | E106: =AD90 -> 1
A107: 1 | B107: 1 | D107: =AC91 -> 1 | E107: =AD91 -> 0
A110: Una vez claculado 1) y 2) procedemos a plicar el producto Tensor
I119: Estado futuro | O119: Estado futuro
I120: B | J120: 0 | K120: 1 | O120: C | P120: =X104 -> 0 | Q120: 1
H121: C | N121: C
H122: 0 | J122: =Z67 -> 1 | K122: =AA67 -> 0 | N122: 0 | P122: =AA99 -> 0.5 | Q122: =AB99 -> 0.5
K126: Estado futuro
K127: B | L127: 0 | M127: 0 | N127: 1 | O127: 1
K128: C | L128: 0 | M128: 1 | N128: 0 | O128: 1
J129: C
J130: 0 | L130: =(J122*P122) -> 0.5 | M130: =(J122*Q122) -> 0.5 | N130: =(K122*P122) -> 0 | O130: =(K122*Q122) -> 0
H133: Estado futuro

Sheet EjParticion
A1: Vamos a desarrollar el siguiente ejemplo completo con el fin de hacer las particiones.
A2: Tenemos la TPM base del sistema
D5: estado futuro | E5: A | F5: 0 | G5: 1 | H5: 0 | I5: 1 | J5: 0 | K5: 1 | L5: 0 | M5: 1
E6: B | F6: 0 | G6: 0 | H6: 1 | I6: 1 | J6: 0 | K6: 0 | L6: 1 | M6: 1
B7: Estado actual | E7: C | F7: 0 | G7: 0 | H7: 0 | I7: 0 | J7: 1 | K7: 1 | L7: 1 | M7: 1
B8: A | C8: B | D8: C
B9: 0 | C9: 0 | D9: 0 | F9: 1 | G9: 0 | H9: 0 | I9: 0 | J9: 0 | K9: 0 | L9: 0 | M9: 0
B10: 1 | C10: 0 | D10: 0 | F10: 0 | G10: 0 | H10: 0 | I10: 0 | J10: 1 | K10: 0 | L10: 0 | M10: 0
B11: 0 | C11: 1 | D11: 0 | F11: 0 | G11: 0 | H11: 0 | I11: 0 | J11: 0 | K11: 1 | L11: 0 | M11: 0
B12: 1 | C12: 1 | D12: 0 | F12: 0 | G12: 1 | H12: 0 | I12: 0 | J12: 0 | K12: 0 | L12: 0 | M12: 0
B13: 0 | C13: 0 | D13: 1 | F13: 0 | G13: 1 | H13: 0 | I13: 0 | J13: 0 | K13: 0 | L13: 0 | M13: 0
B14: 1 | C14: 0 | D14: 1 | F14: 0 | G14: 0 | H14: 0 | I14: 0 | J14: 0 | K14: 0 | L14: 0 | M14: 1
B15: 0 | C15: 1 | D15: 1 | F15: 0 | G15: 0 | H15: 0 | I15: 0 | J15: 0 | K15: 1 | L15: 0 | M15: 0
B16: 1 | C16: 1 | D16: 1 | F16: 0 | G16: 0 | H16: 0 | I16: 1 | J16: 0 | K16: 0 | L16: 0 | M16: 0
A19: Este es el mecanismo AC sobre el purview ABC
N25: Este problema podemos representarlo asi:
A39: 1)Hallamos la distribución de probabilidadess para el sistema en el estado inicial A=1 C=0, porque B no hace parte de lo que queremos revisar.
A40: En este orden de ideas, según la fórmula definida previamente calcularemos cada parte y luego aplicaremos el producto tensor. consiguiente
A41: Debemos calcular:
A42: 1)
A44: 2)
A46: 3)
A48: Empezando por 1) se tiene:
A49: Debemos marginalizar sobre el purview en B y C, obteniendo:
S50: Luego se marginaliza sobre el mecanismo
C51: E. futuro | D51: A | E51: 0 | F51: 1 | G51: 0 | H51: 1
A52: E. Actual | D52: C | E52: 0 | F52: 0 | G52: 1 | H52: 1 | O52: A | P52: 0 | Q52: 1
A53: A | B53: B | C53: C | L53: A | M53: B | N53: C | U53: A | V53: 0 | W53: 1 | Z53: Aquí se debe normalizar (se divide por 2)
A54: 0 | B54: 0 | C54: 0 | E54: 1 | F54: 0 | G54: 0 | H54: 0 | L54: 0 | M54: 0 | N54: 0 | P54: =E54+G54 -> 1 | Q54: =F54+H54 -> 0 | S54: A | T54: C
A55: 1 | B55: 0 | C55: 0 | E55: 0 | F55: 0 | G55: 1 | H55: 0 | L55: 1 | M55: 0 | N55: 0 | P55: =E55+G55 -> 1 | Q55: =F55+H55 -> 0 | S55: 0 | T55: 0 | V55: =P54 -> 1 | W55: =Q54 -> 0 | AB55: A | AC55: 0 | AD55: 1
A56: 0 | B56: 1 | C56: 0 | E56: 0 | F56: 0 | G56: 0 | H56: 1 | L56: 0 | M56: 1 | N56: 0 | P56: =E56+G56 -> 0 | Q56: =F56+H56 -> 1 | S56: 1 | T56: 0 | V56: =P55 -> 1 | W56: =Q55 -> 0 | Z56: A | AA56: C
A57: 1 | B57: 1 | C57: 0 | E57: 0 | F57: 1 | G57: 0 | H57: 0 | L57: 1 | M57: 1 | N57: 0 | P57: =E57+G57 -> 0 | Q57: =F57+H57 -> 1 | S57: 0 | T57: 0 | V57: =P56 -> 0 | W57: =Q56 -> 1 | Z57: 0 | AA57: 0 | AC57: =(V55+V57)/2 -> 0.5 | AD57: =(W55+W57)/2 -> 0.5
A58: 0 | B58: 0 | C58: 1 | E58: 0 | F58: 1 | G58: 0 | H58: 0 | L58: 0 | M58: 0 | N58: 1 | P58: =E58+G58 -> 0 | Q58: =F58+H58 -> 1 | S58: 1 | T58: 0 | V58: =P57 -> 0 | W58: =Q57 -> 1 | Z58: 1 | AA58: 0 | AC58: =(V56+V58)/2 -> 0.5 | AD58: =(W56+W58)/2 -> 0.5
A59: 1 | B59: 0 | C59: 1 | E59: 0 | F59: 0 | G59: 0 | H59: 1 | L59: 1 | M59: 0 | N59: 1 | P59: =E59+G59 -> 0 | Q59: =F59+H59 -> 1 | S59: 0 | T59: 1 | V59: =P58 -> 0 | W59: =Q58 -> 1 | Z59: 0 | AA59: 1 | AC59: =(V59+V61)/2 -> 0 | AD59: =(W59+W61)/2 -> 1
A60: 0 | B60: 1 | C60: 1 | E60: 0 | F60: 0 | G60: 0 | H60: 1 | L60: 0 | M60: 1 | N60: 1 | P60: =E60+G60 -> 0 | Q60: =F60+H60 -> 1 | S60: 1 | T60: 1 | V60: =P59 -> 0 | W60: =Q59 -> 1 | Z60: 1 | AA60: 1 | AC60: =(V60+V62)/2 -> 0 | AD60: =(W60+W62)/2 -> 1
A61: 1 | B61: 1 | C61: 1 | E61: 0 | F61: 1 | G61: 0 | H61: 0 | L61: 1 | M61: 1 | N61: 1 | P61: =E61+G61 -> 0 | Q61: =F61+H61 -> 1 | S61: 0 | T61: 1 | V61: =P60 -> 0 | W61: =Q60 -> 1
E62: =SUM(E54:E61)/8 -> 0.125 | F62: =SUM(F54:F61)/8 -> 0.375 | G62: =SUM(G54:G61)/8 -> 0.125 | H62: =SUM(H54:H61)/8 -> 0.375 | P62: =SUM(P54:P61)/8 -> 0.25 | Q62: =SUM(Q54:Q61)/8 -> 0.75 | S62: 1 | T62: 1 | V62: =P61 -> 0 | W62: =Q61 -> 1
A63: Ahora seguimos con 2)
A64: Debemos marginalizar sobre el purview en A y C
A65: luego sumamos pares de columnas cuyos estados solo diferían por | O65: luego sumamos pares de columnas cuyos estados
A66: el estado de A y no se normaliza(o sea no dividimos entre 2) yqueda asi: | O66: solo diferían por el estado de C y no se normaliza
D67: B | E67: 0 | F67: 1 | G67: 0 | H67: 1 | O67: (o sea no dividimos entre 2) yqueda asi:
A68: Estado actual | D68: C | E68: 0 | F68: 0 | G68: 1 | H68: 1 | Q68: E. Futuro
A69: A | B69: B | C69: C | O69: E.Actual | R69: B | S69: 0 | T69: 1 | X69: Luego se marginaliza sobre el mecanismo
A70: 0 | B70: 0 | C70: 0 | E70: 1 | F70: 0 | G70: 0 | H70: 0 | O70: A | P70: B | Q70: C | Z70: B | AA70: 0 | AB70: 1 | AE70: Aquí se debe normalizar (se divide por 2)
A71: 1 | B71: 0 | C71: 0 | E71: 0 | F71: 0 | G71: 1 | H71: 0 | O71: 0 | P71: 0 | Q71: 0 | S71: 1 | T71: 0 | X71: A | Y71: C
A72: 0 | B72: 1 | C72: 0 | E72: 0 | F72: 0 | G72: 1 | H72: 0 | O72: 1 | P72: 0 | Q72: 0 | S72: 1 | T72: 0 | X72: 0 | Y72: 0 | AA72: =S71 -> 1 | AB72: =T71 -> 0 | AG72: B | AH72: 0 | AI72: 1
A73: 1 | B73: 1 | C73: 0 | E73: 1 | F73: 0 | G73: 0 | H73: 0 | O73: 0 | P73: 1 | Q73: 0 | S73: 1 | T73: 0 | X73: 1 | Y73: 0 | AA73: =S72 -> 1 | AB73: =T72 -> 0 | AE73: A | AF73: C
A74: 0 | B74: 0 | C74: 1 | E74: 1 | F74: 0 | G74: 0 | H74: 0 | O74: 1 | P74: 1 | Q74: 0 | S74: 1 | T74: 0 | X74: 0 | Y74: 0 | AA74: =S73 -> 1 | AB74: =T73 -> 0 | AE74: 0 | AF74: 0 | AH74: 1 | AI74: 0
A75: 1 | B75: 0 | C75: 1 | E75: 0 | F75: 0 | G75: 0 | H75: 1 | O75: 0 | P75: 0 | Q75: 1 | S75: 1 | T75: 0 | X75: 1 | Y75: 0 | AA75: =S74 -> 1 | AB75: =T74 -> 0 | AE75: 1 | AF75: 0 | AH75: 1 | AI75: 0
A76: 0 | B76: 1 | C76: 1 | E76: 0 | F76: 0 | G76: 1 | H76: 0 | O76: 1 | P76: 0 | Q76: 1 | S76: 0 | T76: 1 | X76: 0 | Y76: 1 | AA76: =S75 -> 1 | AB76: =T75 -> 0 | AE76: 0 | AF76: 1 | AH76: 1 | AI76: 0
A77: 1 | B77: 1 | C77: 1 | E77: 0 | F77: 1 | G77: 0 | H77: 0 | O77: 0 | P77: 1 | Q77: 1 | S77: 1 | T77: 0 | X77: 1 | Y77: 1 | AA77: =S76 -> 0 | AB77: =T76 -> 1 | AE77: 1 | AF77: 1 | AH77: 0 | AI77: 1
O78: 1 | P78: 1 | Q78: 1 | S78: 0 | T78: 1 | X78: 0 | Y78: 1 | AA78: =S77 -> 1 | AB78: =T77 -> 0
X79: 1 | Y79: 1 | AA79: =S78 -> 0 | AB79: =T78 -> 1
A80: Luego seguimo con 3)
A81: Debemos marginalizar sobre el purview en A y B
A83: luego sumamos pares de columnas cuyos estados solo diferían por
A84: el estado de A y no se normaliza(o sea no dividimos entre 2) yqueda asi: | O84: luego sumamos pares de columnas cuyos estados
C85: E. futuro | D85: B | E85: 0 | F85: 1 | G85: 0 | H85: 1 | O85: solo diferían por el estado de B y no se normaliza
A86: E. Actual | D86: C | E86: 0 | F86: 0 | G86: 1 | H86: 1 | O86: (o sea no dividimos entre 2) yqueda asi:
A87: A | B87: B | C87: C | Q87: E. futuro | W87: Luego se marginaliza sobre el mecanismo
A88: 0 | B88: 0 | C88: 0 | E88: 1 | F88: 0 | G88: 0 | H88: 0 | O88: E. Actual | R88: C | S88: 0 | T88: 1 | X88: E. futuro
A89: 1 | B89: 0 | C89: 0 | E89: 0 | F89: 0 | G89: 1 | H89: 0 | O89: A | P89: B | Q89: C | W89: E. Actual | Y89: C | Z89: 0 | AA89: 1 | AD89: Aquí se debe normalizar (se divide por 2)
A90: 0 | B90: 1 | C90: 0 | E90: 0 | F90: 0 | G90: 1 | H90: 0 | O90: 0 | P90: 0 | Q90: 0 | S90: 1 | T90: 0 | W90: A | X90: C
A91: 1 | B91: 1 | C91: 0 | E91: 1 | F91: 0 | G91: 0 | H91: 0 | O91: 1 | P91: 0 | Q91: 0 | S91: 0 | T91: 1 | W91: 0 | X91: 0 | Z91: =S90 -> 1 | AA91: =T90 -> 0 | AF91: C | AG91: 0 | AH91: 1
A92: 0 | B92: 0 | C92: 1 | E92: 1 | F92: 0 | G92: 0 | H92: 0 | O92: 0 | P92: 1 | Q92: 0 | S92: 0 | T92: 1 | W92: 1 | X92: 0 | Z92: =S91 -> 0 | AA92: =T91 -> 1 | AD92: A | AE92: C
A93: 1 | B93: 0 | C93: 1 | E93: 0 | F93: 0 | G93: 0 | H93: 1 | O93: 1 | P93: 1 | Q93: 0 | S93: 1 | T93: 0 | W93: 0 | X93: 0 | Z93: =S92 -> 0 | AA93: =T92 -> 1 | AD93: 0 | AE93: 0 | AG93: 0.5 | AH93: 0.5
A94: 0 | B94: 1 | C94: 1 | E94: 0 | F94: 0 | G94: 1 | H94: 0 | O94: 0 | P94: 0 | Q94: 1 | S94: 1 | T94: 0 | W94: 1 | X94: 0 | Z94: =S93 -> 1 | AA94: =T93 -> 0 | AD94: 1 | AE94: 0 | AG94: 0.5 | AH94: 0.5
A95: 1 | B95: 1 | C95: 1 | E95: 0 | F95: 1 | G95: 0 | H95: 0 | O95: 1 | P95: 0 | Q95: 1 | S95: 0 | T95: 1 | W95: 0 | X95: 1 | Z95: =S94 -> 1 | AA95: =T94 -> 0 | AD95: 0 | AE95: 1 | AG95: 0.5 | AH95: 0.5
O96: 0 | P96: 1 | Q96: 1 | S96: 0 | T96: 1 | W96: 1 | X96: 1 | Z96: =S95 -> 0 | AA96: =T95 -> 1 | AD96: 1 | AE96: 1 | AG96: 0.5 | AH96: 0.5
O97: 1 | P97: 1 | Q97: 1 | S97: 1 | T97: 0 | W97: 0 | X97: 1 | Z97: =S96 -> 0 | AA97: =T96 -> 1
W98: 1 | X98: 1 | Z98: =S97 -> 1 | AA98: =T97 -> 0
M105: =AB55 -> A | N105: =AC55 -> 0 | O105: =AD55 -> 1 | T105: =AG72 -> B | U105: =AH72 -> 0 | V105: =AI72 -> 1 | AA105: =AF91 -> C | AB105: =AG91 -> 0 | AC105: =AH91 -> 1
K106: =Z56 -> A | L106: =AA56 -> C | R106: =AE73 -> A | S106: =AF73 -> C | Y106: =AD92 -> A | Z106: =AE92 -> C
K108: =Z58 -> 1 | L108: =AA58 -> 0 | N108: =AC58 -> 0.5 | O108: =AD58 -> 0.5 | R108: =AE75 -> 1 | S108: =AF75 -> 0 | U108: =AH75 -> 1 | V108: =AI75 -> 0 | Y108: =AD94 -> 1 | Z108: =AE94 -> 0 | AB108: =AG94 -> 0.5 | AC108: =AH94 -> 0.5
O112: A | P112: 0 | Q112: 0 | R112: 0 | S112: 0 | T112: 1 | U112: 1 | V112: 1 | W112: 1
O113: B | P113: 0 | Q113: 0 | R113: 1 | S113: 1 | T113: 0 | U113: 0 | V113: 1 | W113: 1 | AI113: SISTEMA SIN DESCOMPONER
O114: C | P114: 0 | Q114: 1 | R114: 0 | S114: 1 | T114: 0 | U114: 1 | V114: 0 | W114: 1
M115: A | N115: C
M116: 1 | N116: 0 | P116: =N108*U108*AB108 -> 0.25 | Q116: =N108*U108*AC108 -> 0.25 | R116: =N108*V108*AB108 -> 0 | S116: =N108*V108*AC108 -> 0 | T116: =O108*U108*AB108 -> 0.25 | U116: =O108*U108*AC108 -> 0.25 | V116: =O108*V108*AB108 -> 0 | W116: =O108*V108*AC108 -> 0
A119: 2) Ahora se hace la descomposcion del sistema en dos partes: | P119: y
A120: ⇒ que debemos calcular:
A122: a)
E123: y
A124: b)
A126: - Empezamos por a)
A131: ⇒
A132: Para este hacemos todo el procedimiento co mo se ha explicado anteriormente.
A133: Primero trabajamos sobre los efectos futuros en A, lo que implica marginalizar a B y C
D134: estado futuro | E134: A | F134: 0 | G134: 1
B135: Estado actual | M135: Luego nos interesa el estado actual (mecanismo) en AC entonces marginalizamos sobre B (hay que dividir entre 2)
B136: A | C136: B | D136: C | M136: A | N136: 0 | O136: 1 | AE136: ⇒
B137: 0 | C137: 0 | D137: 0 | F137: 1 | G137: 0 | K137: A | L137: C
B138: 1 | C138: 0 | D138: 0 | F138: 1 | G138: 0 | K138: 0 | L138: 0 | N138: =(F137+F139)/2 -> 0.5 | O138: =(G137+G139)/2 -> 0.5
B139: 0 | C139: 1 | D139: 0 | F139: 0 | G139: 1 | K139: 1 | L139: 0 | N139: =(F138+F140)/2 -> 0.5 | O139: =(G138+G140)/2 -> 0.5
B140: 1 | C140: 1 | D140: 0 | F140: 0 | G140: 1 | K140: 0 | L140: 1 | N140: =(F141+F143)/2 -> 0 | O140: =(G141+G143)/2 -> 1
B141: 0 | C141: 0 | D141: 1 | F141: 0 | G141: 1 | K141: 1 | L141: 1 | N141: =(F142+F144)/2 -> 0 | O141: =(G142+G144)/2 -> 1
B142: 1 | C142: 0 | D142: 1 | F142: 0 | G142: 1
B143: 0 | C143: 1 | D143: 1 | F143: 0 | G143: 1
B144: 1 | C144: 1 | D144: 1 | F144: 0 | G144: 1
...

Sheet EjemploVacio
B2: EJEMPLO DE UNA DESCOMPOSICIÓN DE UN SISTEMA
A28: Aquí tenemos la distribución de probabilidades del sistema a analizar:
G30: B | H30: 0 | I30: 1
D31: A | E31: B | F31: C
D32: 0 | E32: 0 | F32: 0 | H32: 1 | I32: 0
D33: 1 | E33: 0 | F33: 0 | H33: 1 | I33: 0
D34: 0 | E34: 1 | F34: 0 | H34: 1 | I34: 0
D35: 1 | E35: 1 | F35: 0 | H35: 1 | I35: 0
D36: 0 | E36: 0 | F36: 1 | H36: 1 | I36: 0
D37: 1 | E37: 0 | F37: 1 | H37: 0 | I37: 1
D38: 0 | E38: 1 | F38: 1 | H38: 1 | I38: 0
D39: 1 | E39: 1 | F39: 1 | H39: 0 | I39: 1
A42: Ahora calcularemos las distribuciones de probailidades de cada componente de la partición propuesta en este ejemplo:
F44: se marginaliza sobre el mecanismo
G45: E. Futuro
F46: E.Presente | H46: B | I46: 0 | J46: 1
F47: B | G47: C | N47: E. futuro
F48: 0 | G48: 0 | I48: 1 | J48: 0 | M48: E. actual | O48: B | P48: 0 | Q48: 1
F49: 0 | G49: 0 | I49: 1 | J49: 0 | M49: B | N49: C
F50: 1 | G50: 0 | I50: 1 | J50: 0 | M50: 0 | N50: 0 | P50: 1 | Q50: 0
F51: 1 | G51: 0 | I51: 1 | J51: 0 | M51: 1 | N51: 0 | P51: 1 | Q51: 0
F52: 0 | G52: 1 | I52: 1 | J52: 0 | M52: 0 | N52: 1 | P52: 0.5 | Q52: 0.5
F53: 0 | G53: 1 | I53: 0 | J53: 1 | M53: 1 | N53: 1 | P53: 0.5 | Q53: 0.5
F54: 1 | G54: 1 | I54: 1 | J54: 0
F55: 1 | G55: 1 | I55: 0 | J55: 1
A58: Ahora calculamos el otro componente:
F60: Primero se hace la marginalización sobre C como se presenta a continuación: | S60: Luego se hace la marginalización sobre B, como se presenta a | AH60: Asi queda luego de las marginalizaciones:
H61: A | I61: 0 | J61: 1 | K61: 0 | L61: 1 | M61: 0 | N61: 1 | O61: 0 | P61: 1 | S61: continuacion: | V61: A | W61: 0 | X61: 1 | Y61: 0 | Z61: 1 | AA61: 0 | AB61: 1 | AC61: 0 | AD61: 1 | AJ61: A | AK61: 0 | AL61: 1 | AM61: 0 | AN61: 1 | AO61: 0 | AP61: 1 | AQ61: 0 | AR61: 1
H62: B | I62: 0 | J62: 0 | K62: 1 | L62: 1 | M62: 0 | N62: 0 | O62: 1 | P62: 1 | V62: B | W62: 0 | X62: 0 | Y62: 1 | Z62: 1 | AA62: 0 | AB62: 0 | AC62: 1 | AD62: 1 | AJ62: B | AK62: 0 | AL62: 0 | AM62: 1 | AN62: 1 | AO62: 0 | AP62: 0 | AQ62: 1 | AR62: 1
F63: E. presente | G63: E. futuro | H63: C | I63: 0 | J63: 0 | K63: 0 | L63: 0 | M63: 1 | N63: 1 | O63: 1 | P63: 1 | U63: E. futuro | V63: C | W63: 0 | X63: 0 | Y63: 0 | Z63: 0 | AA63: 1 | AB63: 1 | AC63: 1 | AD63: 1 | AI63: E.futuro | AJ63: C | AK63: 0 | AL63: 0 | AM63: 0 | AN63: 0 | AO63: 1 | AP63: 1 | AQ63: 1 | AR63: 1 | AV63: A
F64: A | G64: B | T64: A | AH64: A
F65: 0 | G65: 0 | I65: 1 | J65: 0 | K65: 0 | L65: 0 | M65: 0 | N65: 0 | O65: 0 | P65: 0 | T65: 0 | W65: =(I65+I69)/2 -> 0.5 | X65: =(J65+J69)/2 -> 0.5 | Y65: =(K65+K69)/2 -> 0 | Z65: =(L65+L69)/2 -> 0 | AA65: =(M65+M69)/2 -> 0 | AB65: =(N65+N69)/2 -> 0 | AC65: =(O65+O69)/2 -> 0 | AD65: =(P65+P69)/2 -> 0 | AH65: 0 | AK65: =(W65+W67)/2 -> 0.25 | AL65: =(X65+X67)/2 -> 0.25 | AM65: =(Y65+Y67)/2 -> 0 | AN65: =(Z65+Z67)/2 -> 0 | AO65: =(AA65+AA67)/2 -> 0 | AP65: =(AB65+AB67)/2 -> 0.5 | AQ65: =(AC65+AC67)/2 -> 0 | AR65: =(AD65+AD67)/2 -> 0 | AS65: =SUM(AK65:AR65) -> 1 | AV65: 1 | AW65: =$AS$66 -> 1
F66: 1 | G66: 0 | I66: 0 | J66: 0 | K66: 0 | L66: 0 | M66: 1 | N66: 0 | O66: 0 | P66: 0 | T66: 1 | W66: =(I66+I70)/2 -> 0 | X66: =(J66+J70)/2 -> 0 | Y66: =(K66+K70)/2 -> 0 | Z66: =(L66+L70)/2 -> 0 | AA66: =(M66+M70)/2 -> 0.5 | AB66: =(N66+N70)/2 -> 0 | AC66: =(O66+O70)/2 -> 0 | AD66: =(P66+P70)/2 -> 0.5 | AH66: 1 | AK66: =(W66+W68)/2 -> 0 | AL66: =(X66+X68)/2 -> 0.25 | AM66: =(Y66+Y68)/2 -> 0 | AN66: =(Z66+Z68)/2 -> 0.25 | AO66: =(AA66+AA68)/2 -> 0.25 | AP66: =(AB66+AB68)/2 -> 0 | AQ66: =(AC66+AC68)/2 -> 0 | AR66: =(AD66+AD68)/2 -> 0.25 | AS66: =SUM(AK66:AR66) -> 1
F67: 0 | G67: 1 | I67: 0 | J67: 0 | K67: 0 | L67: 0 | M67: 0 | N67: 1 | O67: 0 | P67: 0 | T67: 0 | W67: =(I67+I71)/2 -> 0 | X67: =(J67+J71)/2 -> 0 | Y67: =(K67+K71)/2 -> 0 | Z67: =(L67+L71)/2 -> 0 | AA67: =(M67+M71)/2 -> 0 | AB67: =(N67+N71)/2 -> 1 | AC67: =(O67+O71)/2 -> 0 | AD67: =(P67+P71)/2 -> 0
F68: 1 | G68: 1 | I68: 0 | J68: 1 | K68: 0 | L68: 0 | M68: 0 | N68: 0 | O68: 0 | P68: 0 | T68: 1 | W68: =(I68+I72)/2 -> 0 | X68: =(J68+J72)/2 -> 0.5 | Y68: =(K68+K72)/2 -> 0 | Z68: =(L68+L72)/2 -> 0.5 | AA68: =(M68+M72)/2 -> 0 | AB68: =(N68+N72)/2 -> 0 | AC68: =(O68+O72)/2 -> 0 | AD68: =(P68+P72)/2 -> 0
F69: 0 | G69: 0 | I69: 0 | J69: 1 | K69: 0 | L69: 0 | M69: 0 | N69: 0 | O69: 0 | P69: 0
F70: 1 | G70: 0 | I70: 0 | J70: 0 | K70: 0 | L70: 0 | M70: 0 | N70: 0 | O70: 0 | P70: 1
F71: 0 | G71: 1 | I71: 0 | J71: 0 | K71: 0 | L71: 0 | M71: 0 | N71: 1 | O71: 0 | P71: 0
F72: 1 | G72: 1 | I72: 0 | J72: 0 | K72: 0 | L72: 1 | M72: 0 | N72: 0 | O72: 0 | P72: 0
A77: Ahora hacemos el producto tensor de las dos particiones
C83: E. Futuro
B84: E.Actual | D84: B | E84: 0 | F84: 1
B85: B | C85: C | H85: A
B86: 0 | C86: 0 | E86: 1 | F86: 0 | H86: 1 | I86: =$AW$65 -> 1
G91: B | H91: 0 | I91: 1
D92: A | E92: B | F92: C
D93: 1 | E93: 0 | F93: 0 | H93: =E86*I86 -> 1 | I93: =F86*I86 -> 0
A95: Ahora comparamos con la distribucion de probabilidades para
G104: =G30 -> B | H104: =H30 -> 0 | I104: =I30 -> 1
D105: =D31 -> A | E105: =E31 -> B | F105: =F31 -> C
D107: =D33 -> 1 | E107: =E33 -> 0 | F107: =F33 -> 0 | G107: =G33 -> 0 | H107: =H33 -> 1 | I107: =I33 -> 0

Sheet II
P19: estado futuro | Q19: A | R19: 0 | S19: 1 | T19: 0 | U19: 1 | V19: 0 | W19: 1 | X19: 0 | Y19: 1
Q20: B | R20: 0 | S20: 0 | T20: 1 | U20: 1 | V20: 0 | W20: 0 | X20: 1 | Y20: 1
N21: Estado actual | Q21: C | R21: 0 | S21: 0 | T21: 0 | U21: 0 | V21: 1 | W21: 1 | X21: 1 | Y21: 1
N22: A | O22: B | P22: C
N23: 0 | O23: 0 | P23: 0 | R23: 1 | S23: 0 | T23: 0 | U23: 0 | V23: 0 | W23: 0 | X23: 0 | Y23: 0
N24: 1 | O24: 0 | P24: 0 | R24: 0 | S24: 0 | T24: 0 | U24: 0 | V24: 1 | W24: 0 | X24: 0 | Y24: 0
N25: 0 | O25: 1 | P25: 0 | R25: 0 | S25: 0 | T25: 0 | U25: 0 | V25: 0 | W25: 1 | X25: 0 | Y25: 0
N26: 1 | O26: 1 | P26: 0 | R26: 0 | S26: 1 | T26: 0 | U26: 0 | V26: 0 | W26: 0 | X26: 0 | Y26: 0
N27: 0 | O27: 0 | P27: 1 | R27: 0 | S27: 1 | T27: 0 | U27: 0 | V27: 0 | W27: 0 | X27: 0 | Y27: 0
N28: 1 | O28: 0 | P28: 1 | R28: 0 | S28: 0 | T28: 0 | U28: 0 | V28: 0 | W28: 0 | X28: 0 | Y28: 1
N29: 0 | O29: 1 | P29: 1 | R29: 0 | S29: 0 | T29: 0 | U29: 0 | V29: 0 | W29: 1 | X29: 0 | Y29: 0
N30: 1 | O30: 1 | P30: 1 | R30: 0 | S30: 0 | T30: 0 | U30: 1 | V30: 0 | W30: 0 | X30: 0 | Y30: 0
A31: Vamos a calcular la diatribución de probabilidades para el sistema completo
G35: Partimos de:
K37: B | L37: 0 | M37: 1
H38: A | I38: B | J38: C
H39: 0 | I39: 0 | J39: 0 | L39: 1 | M39: 0
H40: 1 | I40: 0 | J40: 0 | L40: 1 | M40: 0 | Q40: B | R40: 0 | S40: 1
H41: 0 | I41: 1 | J41: 0 | L41: 1 | M41: 0 | O41: A | P41: B | V41: B | W41: 0 | X41: 1
H42: 1 | I42: 1 | J42: 0 | L42: 1 | M42: 0 | O42: 0 | P42: 0 | R42: =(L39+L43)/2 -> 1 | S42: =(M39+M43)/2 -> 0 | U42: A
H43: 0 | I43: 0 | J43: 1 | L43: 1 | M43: 0 | O43: 1 | P43: 0 | R43: =(L40+L44)/2 -> 0.5 | S43: =(M40+M44)/2 -> 0.5 | U43: 0 | W43: =(R42+R44)/2 -> 1 | X43: =(S42+S44)/2 -> 0
H44: 1 | I44: 0 | J44: 1 | L44: 0 | M44: 1 | O44: 0 | P44: 1 | R44: =(L41+L45)/2 -> 1 | S44: =(M41+M45)/2 -> 0 | U44: 1 | W44: =(R43+R45)/2 -> 0.5 | X44: =(S43+S45)/2 -> 0.5
H45: 0 | I45: 1 | J45: 1 | L45: 1 | M45: 0 | O45: 1 | P45: 1 | R45: =(L42+L46)/2 -> 0.5 | S45: =(M42+M46)/2 -> 0.5
H46: 1 | I46: 1 | J46: 1 | L46: 0 | M46: 1
C48: Si queremos expandir el REPERTORIO EFECTO al espacio de estados completo para eso multiplicamos por la distribucion no restringida sobre los estados proximos de A y C
C49: así:
T50: A | U50: 0 | V50: 1 | W50: 0 | X50: 1 | Y50: 0 | Z50: 1 | AA50: 0 | AB50: 1
C51: A | D51: 0 | E51: 1 | I51: B | J51: 0 | K51: 1 | N51: C | O51: 0 | P51: 1 | T51: B | U51: 0 | V51: 0 | W51: 1 | X51: 1 | Y51: 0 | Z51: 0 | AA51: 1 | AB51: 1
D52: =RepEfectoUC!M49 -> 0.25 | E52: =RepEfectoUC!N49 -> 0.75 | H52: A | O52: =RepEfectoUC!M72 -> 0.5 | P52: =RepEfectoUC!N72 -> 0.5 | T52: C | U52: 0 | V52: 0 | W52: 0 | X52: 0 | Y52: 1 | Z52: 1 | AA52: 1 | AB52: 1
H53: 1 | J53: =W44 -> 0.5 | K53: =X44 -> 0.5 | S53: A | U53: =D52*J53*O52 -> 0.0625 | V53: =E52*J53*O52 -> 0.1875 | W53: =D52*K53*O52 -> 0.0625 | X53: =E52*K53*O52 -> 0.1875 | Y53: =D52*J53*P52 -> 0.0625 | Z53: =E52*J53*P52 -> 0.1875 | AA53: =D52*K53*P52 -> 0.0625 | AB53: =E52*K53*P52 -> 0.1875
A65: Luego se calculara para la única partición posible para este subsistema cual es su distribución de probabilidades y luego se compara con la distribucion inicial del sistema sin partir
A71: entonces debemos calcular lo siguiente:
B72: P(ØF|AC) | E72: P(BF|ØC)
A74: 1) Empezamos calculando P(ØF|AC), para esto marginalizamos en el estado t sobre B y C, asi:
C76: A | D76: 0 | E76: 1 | F76: 0 | G76: 1 | H76: 0 | I76: 1 | J76: 0 | K76: 1 | P76: A | Q76: 0 | R76: 1 | S76: 0 | T76: 1 | U76: 0 | V76: 1 | W76: 0 | X76: 1
C77: B | D77: 0 | E77: 0 | F77: 1 | G77: 1 | H77: 0 | I77: 0 | J77: 1 | K77: 1 | P77: B | Q77: 0 | R77: 0 | S77: 1 | T77: 1 | U77: 0 | V77: 0 | W77: 1 | X77: 1
B78: E. futuro | C78: C | D78: 0 | E78: 0 | F78: 0 | G78: 0 | H78: 1 | I78: 1 | J78: 1 | K78: 1 | O78: E. futuro | P78: C | Q78: 0 | R78: 0 | S78: 0 | T78: 0 | U78: 1 | V78: 1 | W78: 1 | X78: 1
A79: A | N79: A | AB79: A
A80: 0 | D80: 0.5 | E80: 0.5 | F80: 0 | G80: 0 | H80: 0 | I80: 0 | J80: 0 | K80: 0 | N80: 0 | Q80: =(D80+D82)/2 -> 0.25 | R80: =(E80+E82)/2 -> 0.25 | S80: =(F80+F82)/2 -> 0 | T80: =(G80+G82)/2 -> 0 | U80: =(H80+H82)/2 -> 0 | V80: =(I80+I82)/2 -> 0.5 | W80: =(J80+J82)/2 -> 0 | X80: =(K80+K82)/2 -> 0
A81: 1 | D81: 0 | E81: 0 | F81: 0 | G81: 0 | H81: 0.5 | I81: 0 | J81: 0 | K81: 0.5 | N81: 1 | Q81: =(D81+D83)/2 -> 0 | R81: =(E81+E83)/2 -> 0.25 | S81: =(F81+F83)/2 -> 0 | T81: =(G81+G83)/2 -> 0.25 | U81: =(H81+H83)/2 -> 0.25 | V81: =(I81+I83)/2 -> 0 | W81: =(J81+J83)/2 -> 0 | X81: =(K81+K83)/2 -> 0.25 | AB81: 1 | AC81: =SUM(Q81:X81) -> 1
A82: 0 | D82: 0 | E82: 0 | F82: 0 | G82: 0 | H82: 0 | I82: 1 | J82: 0 | K82: 0
A83: 1 | D83: 0 | E83: 0.5 | F83: 0 | G83: 0.5 | H83: 0 | I83: 0 | J83: 0 | K83: 0
A85: 2)Ahora vamos a calcular P(BF|ØC)
A87: E.Actual | C87: E. futuro | D87: B | E87: 0 | F87: 1
A88: A | B88: B | C88: C
A89: 0 | B89: 0 | C89: 0 | E89: 1 | F89: 0
A90: 1 | B90: 0 | C90: 0 | E90: 1 | F90: 0
A91: 0 | B91: 1 | C91: 0 | E91: 1 | F91: 0
A92: 1 | B92: 1 | C92: 0 | E92: 1 | F92: 0
A93: 0 | B93: 0 | C93: 1 | E93: 1 | F93: 0
A94: 1 | B94: 0 | C94: 1 | E94: 0 | F94: 1
A95: 0 | B95: 1 | C95: 1 | E95: 1 | F95: 0
A96: 1 | B96: 1 | C96: 1 | E96: 0 | F96: 1
E97: =SUM(E89:E96)/8 -> 0.75 | F97: =SUM(F89:F96)/8 -> 0.25
U98: B | V98: 0 | W98: 1
J99: A | N99: B | O99: 0 | P99: 1 | T99: A
B100: P(ØF|AC) | E100: P(BF|ØC) | J100: 1 | K100: =$AC$81 -> 1 | O100: =E97 -> 0.75 | P100: =F97 -> 0.25 | T100: 1 | V100: =K100*O100 -> 0.75 | W100: =K100*P100 -> 0.25
A103: Ahora calculamos la distancia entre el sistema sin partir y el sistema partido en la unica forma en que podía partirse:
H105: B | I105: 0 | J105: 1
G106: A
G107: 1
B108: SC: sistema original | I108: =W44 -> 0.5 | J108: =X44 -> 0.5
M109: Aquí se comparan ambas distribuciones sin expandir sobre el espacio de estados completo
B110: SP: Sistema partido | I110: =V100 -> 0.75 | J110: =W100 -> 0.25
H113: EMD (SO , SP) = 0,25*1

Sheet EMD
B2: Sea X1 y X2 dos variables aleatorias con su correspondiente espacio de estados (Por ej. X1=B y X2=C). Si X1 y X2 son independientes y
B3: sean p1 y q1 dos distribuciones de probabilidades en X1 y sean p2 y q2 dos distribuciones de probabilidades en X2 | S3: Dado que los nodos son independientes, la EMD entre los repertorios efecto es igual a la suma de las EMD entre las distribuciones marginales de cada nodo,
S4: y la EMD entre las distribuciones marginales de un nodo es la diferencia absoluta en las probabilidades de que el nodo esté APAGADO.
D5: B | E5: 0 | F5: 1 | G5: 0 | H5: 1
D6: C | E6: 0 | F6: 0 | G6: 1 | H6: 1
C8: p | E8: 0.5 | F8: 0 | G8: 0.5 | H8: 0 | P8: 0.5 | Q8: 0.5
C10: Sea
C11: p1= (En B)
C12: p2= (En C)
D16: B | E16: 0 | F16: 1 | G16: 0 | H16: 1
D17: C | E17: 0 | F17: 0 | G17: 1 | H17: 1
C18: q | E18: 0.25 | F18: 0.25 | G18: 0.25 | H18: 0.25
L19: 0.5 | M19: 0.5 | P19: 0.5 | Q19: 0.5
C20: Sea
C21: q1= (En B)
C22: q2= (En C)
E24: EMD(p,q) = EMD(p1,q1) + EMD(p2,q2)
